Brand,Name,Shipping,Price
PowerColor,PowerColor RED DEVIL Radeon RX 580 DirectX 12 AXRX 580 8GBD5-3DH/OC 8GB 256-Bit GDDR5 PCI Express 3.0 CrossFireX Support ATX Video Card,$4.99 Shipping,539.99
GIGABYTE,GIGABYTE GeForce GTX 1050 OC Low Profile 2GB Video Card | GBTGV-N1050OC-2GL,$4.99 Shipping,134.99
Sapphire Tech,Sapphire Radeon NITRO+ RX 580 4GB GDDR5 PCI-E Dual HDMI / DVI-D / Dual DP w/ Backplate (UEFI),$4.99 Shipping,499.99
Sapphire Tech,Sapphire NITRO+ Radeon RX 570 8GB GDDR5 PCI-E Dual HDMI / DVI-D / Dual DP w/ Backplate (UEFI) | 100412NT+8GL,$4.99 Shipping,519.99
Sapphire Tech,Sapphire Radeon NITRO+ RX 580 8GB GDDR5 PCI-E Dual HDMI / DVI-D / Dual DP w/ backplate (UEFI) | 100411NT+8GL,$4.99 Shipping,519.99
Sapphire Tech,Sapphire Radeon NITRO+ RX 570 4GB GDDR5 PCI-E Dual HDMI / DVI-D / Dual DP w/ Backplate (UEFI) | 100412NT+4GL,$4.99 Shipping,469.99
XFX,XFX Radeon RX 560 DirectX 12 RX-560P2SFG5 2GB 128-Bit DDR5 PCI Express 3.0 CrossFireX Support Video Card,$4.99 Shipping,139.99
PowerColor,PowerColor Radeon RX Vega 64 DirectX 12 AXRX VEGA 64 8GBHBM2-2D2H/OC 8GB 2048-Bit HBM2 PCI Express 3.0 CrossFireX Support ATX Video Card,$4.99 Shipping,1.399.99
GIGABYTE,GIGABYTE GeForce GTX 1060 DirectX 12 GV-N1060G1 GAMING-3GD 2.0 3GB 192-Bit GDDR5 PCI Express 3.0 x16 ATX Video Card,$4.99 Shipping,409.99
ASUS,ASUS GeForce GTX 1050 Ti PH-GTX1050TI-4G 4GB 128-Bit GDDR5 PCI Express 3.0 HDCP Ready Video Card,$4.99 Shipping,199.99
ASUS,ASUS Radeon HD 6450 DirectX 11 EAH6450 Silent/DI/1GD3(LP) 1GB 64-Bit DDR3 PCI Express 2.1 HDCP Ready Low Profile Ready Video Card,$6.39 Shipping,38.11
ASUS,ASUS GeForce GT 1030 2GB Phoenix Fan OC Edition HDMI DVI Graphics Card (PH-GT1030-O2G),$3.99 Shipping,89.99
GIGABYTE,GIGABYTE GeForce GT 1030 Slience Low Profile 2GB | GV-N1030SL-2GL,$3.99 Shipping,74.99
GIGABYTE,GIGABYTE GeForce GT 1030 DirectX 12 GV-N1030OC-2GI 2GB 64-Bit GDDR5 PCI Express x16 ATX Video Card,$3.99 Shipping,79.99
XFX,XFX One R-Series Radeon HD 5450 DirectX 11 ON-XFX1-PLS2 1GB 64-Bit DDR3 PCI Express 2.1 HDCP Ready Low Profile Ready Plus Edition Video Card,$2.99 Shipping,34.99
EVGA,EVGA GeForce GT 1030 SC | 02G-P4-6333-KR | 2GB GDDR5 | Low Profile,Free Shipping,101.65
EVGA,EVGA GeForce GT 710 DirectX 12 02G-P3-3712-KR 2GB 64-Bit GDDR5 PCI Express 2.0 HDCP Ready Low Profile Ready Video Card,$6.39 Shipping,47.44
EVGA,EVGA 200 GeForce 210 DirectX 10.1 01G-P3-1312-LR 1GB 64-Bit DDR3 PCI Express 2.0 x16 HDCP Ready Low Profile Video Card,$2.99 Shipping,34.99
XFX,XFX Radeon R5 230 R5-230A-CLF2 2GB 128-Bit DDR3 PCI Express 2.1 Video Card,Free Shipping,49.99
MSI,MSI GeForce GT 710 DirectX 12 GT 710 1GD3H LPV1 1GB 64-Bit DDR3 PCI Express 2.0 x8 HDCP Ready Low Profile Video Card,$2.99 Shipping,34.99
ASUS,ASUS GeForce GTX 1050 PH-GTX1050-2G 2GB 128-Bit GDDR5 PCI Express 3.0 HDCP Ready Video Card,$4.99 Shipping,139.99
MSI,MSI GeForce GT 710 DirectX 12 GT 710 2GD3 LP 2GB 64-Bit DDR3 PCI Express 2.0 x8 HDCP Ready Low Profile Video Card,$2.99 Shipping,44.99
EVGA,EVGA GeForce GT 1030 DirectX 12 02G-P4-6338-KR 2GB 64-Bit GDDR5 PCI Express 3.0 HDCP Ready Video Card,Free Shipping,84.99
EVGA,EVGA GeForce GT 730 DirectX 12 02G-P3-3738-KR 2GB 64-Bit GDDR5 PCI Express 2.0 HDCP Ready Video Card,$2.99 Shipping,69.99
EVGA,EVGA GeForce GTX 1050 SC GAMING | 02G-P4-6152-KR | 2GB GDDR5 | DX12 OSD Support (PXOC),$4.99 Shipping,149.99
EVGA,EVGA GeForce GTX 1050 SSC GAMING ACX 3.0 | 02G-P4-6154-KR | 2GB GDDR5 | DX12 OSD Support (PXOC),Free Shipping,NA
MSI,MSI GeForce GT 730 DirectX 12 N730K-2GD3H/LP 2GB 64-Bit DDR3 PCI Express 2.0 HDCP Ready Low Profile Video Card,Free Shipping,61.99
ASUS,ASUS GeForce GT 710 2GB GDDR5 HDMI VGA DVI Graphics Card (GT710-SL-2GD5-CSM),$3.99 Shipping,52.99
GIGABYTE,GIGABYTE GeForce GT 710 DirectX 12 GV-N710D5SL-2GL 2GB 64-Bit GDDR5 PCI Express 2.0 x8 Low Profile Video Card,$2.99 Shipping,49.99
MSI,MSI Radeon R7 250 DirectX 12 R7 250 2GD3 OC 2GB 128-Bit DDR3 PCI Express 3.0 HDCP Ready CrossFireX Support Video Card,$3.99 Shipping,NA
EVGA,EVGA GeForce GTX 1050 FTW GAMING ACX 3.0 | 02G-P4-6157-KR | 2GB GDDR5 | DX12 OSD Support (PXOC),$4.99 Shipping,169.99
EVGA,EVGA GeForce GT 730 DirectX 12 01G-P3-3730-KR 1GB 64-Bit GDDR5 PCI Express 2.0 HDCP Ready Low Profile Ready Video Card,$2.99 Shipping,64.99
GIGABYTE,GIGABYTE GeForce GT 730 DirectX 12 GV-N730D5-2GL 2GB 64-Bit GDDR5 PCI Express 2.0 x8 Video Card,$2.99 Shipping,69.99
MSI,MSI Radeon HD 6450 DirectX 11 R6450-2GD3H/LP 2GB 64-Bit DDR3 PCI Express 2.0 x16 HDCP Ready Low Profile Passive Low Profile Video Card,$2.99 Shipping,47.99
GIGABYTE,GIGABYTE GeForce 210 DirectX 10.1 GV-N210D3-1GI REV6.0 1GB 64-Bit DDR3 PCI Express 2.0 HDCP Ready Low Profile Video Card,$3.99 Shipping,34.99
GIGABYTE,GIGABYTE GeForce GT 710 DirectX 12 GV-N710D5-1GI 1GB 64-Bit GDDR5 PCI Express 2.0 x8 ATX Video Card,$2.99 Shipping,39.99
